Queries
mysql> select * from salespeople;
+------+---------+-----------+------+
| snum | sname   | city      | comm |
+------+---------+-----------+------+
| 1001 | PEEL    | LONDON    | 0.12 |
| 1002 | serres  | SAN JOSE  | 0.13 |
| 1003 | Axelrod | NEW YORK  | 0.10 |
| 1004 | MOTIKA  | LONDON    | 0.13 |
| 1005 | FRAN    | LONDON    | 0.26 |
| 1007 | RIFKIN  | BARCELONA | 0.15 |
+------+---------+-----------+------+

6 rows in set (0.09 sec)
+------+-----------+----------+--------+------+
| cnum | cname     | city     | rating | snum |
+------+-----------+----------+--------+------+
| 2001 | Hoffman   | LONDON   |    100 | 1001 |
| 2002 | Giovanni  | Rome     |    200 | 1003 |
| 2003 |  Liu      | SAN JOSE |    200 | 1002 |
| 2004 | Grass     | Berlin   |    300 | 1002 |
| 2006 | Clemens   | LONDON   |    100 | 1001 |
| 2007 | Pereira   | Rome     |    100 | 1004 |
| 2008 |  Cisneros | SAN JOSE |    300 | 1007 |
+------+-----------+----------+--------+------+
 load data infile 'orders' into table orders fields terminated by '|' lines terminated by '\n';


mysql> select * from orders;
+------+---------+------------+------+
| onum | amt     | odate      | cnum |
+------+---------+------------+------+
| 3001 |   18.69 | 1996-03-10 | 2008 |
| 3002 | 1900.10 | 1996-03-10 | 2007 |
| 3003 |  767.19 | 1996-03-10 | 2001 |
| 3005 | 5160.45 | 1996-03-10 | 2003 |
| 3006 | 1098.16 | 1996-03-10 | 2008 |
| 3007 |   75.75 | 1996-04-10 | 2002 |
| 3008 | 4723.00 | 1996-05-10 | 2006 |
| 3009 | 1713.23 | 1996-04-10 | 2002 |
| 3010 | 1309.95 | 1996-06-10 | 2004 |
| 3011 | 9891.88 | 1996-06-10 | 2006 |
+------+---------+------------+------+
10 rows in set (0.03 sec)


1. List all the columns of the Salespeople table.

2. List all customers with a rating of 100.

3. Find all records in the Customer table with NULL values in the city column.

4. Find the largest order taken by each salesperson on each date.

5. Arrange the Orders table by descending customer number.

6. Find which salespeople currently have orders in the Orders table.


7. List names of all customers matched with the salespeople serving them.
8. Find the names and numbers of all salespeople who had more than one customer.
9. Count the orders of each of the salespeople and output the results in descending order.
10. List the Customer table if and only if one or more of the customers in the Customer table are
located in San Jose.
11. Match salespeople to customers according to what city they lived in.
12. Find the largest order taken by each salesperson.
13. Find customers in San Jose who have a rating above 200.
14. List the names and commissions of all salespeople in London.
15. List all the orders of salesperson Motika from the Orders table.
16. Find all customers with orders on October 3.
17. Give the sums of the amounts from the Orders table, grouped by date, eliminating all those
dates where the SUM was not at least 2000.00 above the MAX amount.
18. Select all orders that had amounts that were greater than at least one of the orders from
October 6.
19. Write a query that uses the EXISTS operator to extract all salespeople who have customers
with a rating of 300.
20. Find all pairs of customers having the same rating.
21. Find all customers whose CNUM is 1000 above the SNUM of Serres.
22. Give the salespeoples commissions as percentages instead of decimal numbers.
23. Find the largest order taken by each salesperson on each date, eliminating those MAX orders
which are less than $3000.00 in value.
24. List the largest orders for October 3, for each salesperson.
25. Find all customers located in cities where Serres (SNUM 1002) has customers.
26. Select all customers with a rating above 200.00.
27. Count the number of salespeople currently listing orders in the Orders table.
28. Write a query that produces all customers serviced by salespeople with a commission above
12%. Output the customers name and the salespersons rate of commission.
29. Find salespeople who have multiple customers.
30. Find salespeople with customers located in their city.
31. Find all salespeople whose name starts with P and the fourth character is l.
32. Write a query that uses a subquery to obtain all orders for the customer named Cisneros.
Assume you do not know his customer number.
33. Find the largest orders for Serres and Rifkin.
34. Extract the Salespeople table in the following order : SNUM, SNAME, COMMISSION, CITY.
35. Select all customers whose names fall in between A and G alphabetical range.
36. Select all the possible combinations of customers that you can assign.
37. Select all orders that are greater than the average for October 4.
38. Write a select command using a corelated subquery that selects the names and numbers of all
customers with ratings equal to the maximum for their city.
39. Write a query that totals the orders for each day and places the results in descending order.
40. Write a select command that produces the rating followed by the name of each customer in
San Jose.
41. Find all orders with amounts smaller than any amount for a customer in San Jose.
42. Find all orders with above average amounts for their customers.
43. Write a query that selects the highest rating in each city.
44. Write a query that calculates the amount of the salespersons commission on each order by a
customer with a rating above 100.00.
45. Count the customers with ratings above San Joses average.
46. Write a query that produces all pairs of salespeople with themselves as well as duplicate rows
with the order reversed.
47. Find all salespeople that are located in either Barcelona or London.
48. Find all salespeople with only one customer.
49. Write a query that joins the Customer table to itself to find all pairs of customers served by a
single salesperson.
50. Write a query that will give you all orders for more than $1000.00
51. Write a query that lists each order number followed by the name of the customer who made
that order.
52. Write 2 queries that select all salespeople (by name and number) who have customers in their
cities who they do not service, one using a join and one a corelated subquery. Which solution
is more elegant?
53. Write a query that selects all customers whose ratings are equal to or greater than ANY (in the
SQL sense) of Serres?
54. Write 2 queries that will produce all orders taken on October 3 or October 4.
55. Write a query that produces all pairs of orders by a given customer. Name that customer and
eliminate duplicates.
56. Find only those customers whose ratings are higher than every customer in Rome.
57. Write a query on the Customers table whose output will exclude all customers with a rating <=
100.00, unless they are located in Rome.
58. Find all rows from the Customers table for which the salesperson number is 1001.
59. Find the total amount in Orders for each salesperson for whom this total is greater than the
amount of the largest order in the table.
60. Write a query that selects all orders save those with zeroes or NULLs in the amount field.
61. Produce all combinations of salespeople and customer names such that the former precedes
the latter alphabetically, and the latter has a rating of less than 200.
62. List all Salespeoples names and the Commission they have earned.
63. Write a query that produces the names and cities of all customers with the same rating as
Hoffman. Write the query using Hoffmans CNUM rather than his rating, so that it would still be
usable if his rating changed.
64. Find all salespeople for whom there are customers that follow them in alphabetical order.
65. Write a query that produces the names and ratings of all customers of all who have above
average orders.
66. Find the SUM of all purchases from the Orders table.
67. Write a SELECT command that produces the order number, amount and date for all rows in
the order table.
68. Count the number of nonNULL rating fields in the Customers table (including repeats).
69. Write a query that gives the names of both the salesperson and the customer for each order
after the order number.
70. List the commissions of all salespeople servicing customers in London.
71. Write a query using ANY or ALL that will find all salespeople who have no customers located in
their city.
72. Write a query using the EXISTS operator that selects all salespeople with customers located in
their cities who are not assigned to them.
73. Write a query that selects all customers serviced by Peel or Motika. (Hint : The SNUM field
relates the two tables to one another.)
74. Count the number of salespeople registering orders for each day. (If a salesperson has more
than one order on a given day, he or she should be counted only once.)
75. Find all orders attributed to salespeople in London.
76. Find all orders by customers not located in the same cities as their salespeople.
77. Find all salespeople who have customers with more than one current order.
78. Write a query that extracts from the Customers table every customer assigned to a
salesperson who currently has at least one other customer (besides the customer being
selected) with orders in the Orders table.
79. Write a query that selects all customers whose names begin with C.
80. Write a query on the Customers table that will find the highest rating in each city. Put the output
in this form : for the city (city) the highest rating is : (rating).
81. Write a query that will produce the SNUM values of all salespeople with orders currently in the
Orders table (without any repeats).
82. Write a query that lists customers in descending order of rating. Output the rating field first,
followed by the customers names and numbers.
83. Find the average commission for salespeople in London.
84. Find all orders credited to the same salesperson who services Hoffman (CNUM 2001).
85. Find all salespeople whose commission is in between 0.10 and 0.12 (both inclusive).
86. Write a query that will give you the names and cities of all salespeople in London with a
commission above 0.10.
87. What will be the output from the following query?
SELECT * FROM ORDERS
where (amt < 1000 OR NOT (odate = 10/03/1996 AND cnum >
2003));
88. Write a query that selects each customers smallest order.
89. Write a query that selects the first customer in alphabetical order whose name begins with G.
90. Write a query that counts the number of different nonNULL city values in the Customers table.
91. Find the average amount from the Orders table.
92. What would be the output from the following query?
SELECT * FROM ORDERS
WHERE NOT (odate = 10/03/96 OR snum > 1006) AND amt >=
1500);
93. Find all customers who are not located in San Jose and whose rating is above 200.
94. Give a simpler way to write this query :
SELECT snum, sname city, comm FROM salespeople
WHERE (comm > + 0.12 OR comm < 0.14);
95. Evaluate the following query :
SELECT * FROM orders
WHERE NOT ((odate = 10/03/96 AND snum > 1002) OR amt > 2000.00);
96. Which salespersons attend to customers not in the city they have been assigned to?
97. Which salespeople get commission greater than 0.11 are serving customers rated less than
250?
98. Which salespeople have been assigned to the same city but get different commission
percentages?
99. Which salesperson has earned the most by way of commission?
100.Does the customer who has placed the maximum number of orders have the maximum rating?
101.Has the customer who has spent the largest amount of money been given the highest rating?
102.List all customers in descending order of customer rating.
103.On which days has Hoffman placed orders?
104.Do all salespeople have different commissions?
105.Which salespeople have no orders between 10/03/1996 and 10/05/1996?
106.How many salespersons have succeeded in getting orders?
107.How many customers have placed orders?
108.On which date has each salesperson booked an order of maximum value?
109.Who is the most successful salesperson?
110.Who is the worst customer with respect to the company?
111.Are all customers not having placed orders greater than 200 totally been serviced by
salespersons Peel or Serres?
112.Which customers have the same rating?
113.Find all orders greater than the average for October 4th.
114.Which customers have above average orders?
115.List all customers with ratings above San Joses average.
116.Select the total amount in orders for each salesperson for whom the total is greater than the
amount of the largest order in the table.
117.Give names and numbers of all salespersons who have more than one customer.
118.Select all salespersons by name and number who have customers in their city whom they
dont service.
119.Which customers rating should be lowered?
120.Is there a case for assigning a salesperson to Berlin?
121.Is there any evidence linking the performance of a salesperson to the commission that he or
she is being paid?
122.Does the total amount in orders by customer in Rome and London exceed the commission
paid to salespersons in London and New York by more than 5 times?
123.Which is the date, order number, amt and city for each salesperson (by name) for the
maximum order he has obtained?
124.Which salesperson(s) should be fired?
125.What is the total income for the company?
ans 
1)select * from salespeople;

ans 2. select cname,rating from customer where rating ='100';
3)select * from customers where city is NULL;
4)select o.onum,max(o.amt),o.odate,c.snum from customers c,orders o where c.cnum=o.cnum group by c.snum,o.odate;
+------+------------+------------+------+
| onum | max(o.amt) | odate      | snum |
+------+------------+------------+------+
| 3003 |        767 | 1996-03-10 | 1001 |
| 3008 |       4723 | 1996-05-10 | 1001 |
| 3011 |       9892 | 1996-06-10 | 1001 |
| 3005 |       5160 | 1996-03-10 | 1002 |
| 3010 |       1310 | 1996-06-10 | 1002 |
| 3007 |       1713 | 1996-04-10 | 1003 |
| 3002 |       1900 | 1996-03-10 | 1004 |
| 3001 |       1098 | 1996-03-10 | 1007 |
+------+------------+------------+------+
8 rows in set (0.00 sec)
5)select * from orders order by cnum desc;
6)select c.snum,o.onum from orders o,customers c where c.cnum=o.cnum
    -> ;
+------+------+
| snum | onum |
+------+------+
| 1001 | 3003 |
| 1001 | 3008 |
| 1001 | 3011 |
| 1002 | 3005 |
| 1002 | 3010 |
| 1003 | 3007 |
| 1003 | 3009 |
| 1004 | 3002 |
| 1007 | 3001 |
| 1007 | 3006 |
+------+------+
7)select c.cname,s.sname,c.cnum from salespeople s,customers c where c.snum=s.snum;
+-----------+----------+------+
| cname     | sname    | cnum |
+-----------+----------+------+
| Hoffman   | PEEL     | 2001 |
| Clemens   | PEEL     | 2006 |
|  Liu      | serres   | 2003 |
| Grass     | serres   | 2004 |
| Giovanni  | Axelrod  | 2002 |
| Pereira   | MOTIKA   | 2007 |
| Cisneros  | RIFKIN   | 2008 |
+-----------+----------+------+
7 rows in set (0.00 sec)
8)select count(c.cnum),s.snum,s.sname from salespeople s,customers c where c.snum=s.snum group by s.snum having count(c.cnum)>1;
+---------------+------+----------+
| count(c.cnum) | snum | sname    |
+---------------+------+----------+
|             2 | 1001 | PEEL     |
|             2 | 1002 | serres   |
+---------------+------+----------+
2 rows in set (0.00 sec)
9)select count(o.onum),c.snum from orders o,customers c where c.cnum=o.cnum group by c.snum order by o.onum desc;
+---------------+------+
| count(o.onum) | snum |
+---------------+------+
|             2 | 1003 |
|             2 | 1002 |
|             3 | 1001 |
|             1 | 1004 |
|             2 | 1007 |
+---------------+------+
5 rows in set (0.00 sec)
10)
select count(city),cnum,city from customers where city ='SAN JOSE' group by city having count(city) >1;
+-------------+------+----------+
| count(city) | cnum | city     |
+-------------+------+----------+
|           2 | 2003 | SAN JOSE |
+-------------+------+----------+
1 row in set (0.00 sec)
11)
select s.sname,c.cname,s.city,c.city from customers c,salespeople s where c.snum=s.snum order by sname;
+----------+-----------+------------+----------+
| sname    | cname     | city       | city     |
+----------+-----------+------------+----------+
| Axelrod  | Giovanni  | NEW YORK   | Rome     |
| MOTIKA   | Pereira   | LONDON     | Rome     |
| PEEL     | Clemens   | LONDON     | LONDON   |
| PEEL     | Hoffman   | LONDON     | LONDON   |
| RIFKIN   | Cisneros  | BARCELONA  | SAN JOSE |
| serres   | Grass     | SAN JOSE   | Berlin   |
| serres   |  Liu      | SAN JOSE   | SAN JOSE |
+----------+-----------+------------+----------+
7 rows in set (0.00 sec)

12)
select max(o.amt),c.snum from orders o,customers c where o.cnum=c.cnum group by c.snum ;
+------------+------+
| max(o.amt) | snum |
+------------+------+
|       9892 | 1001 |
|       5160 | 1002 |
|       1713 | 1003 |
|       1900 | 1004 |
|       1098 | 1007 |
+------------+------+
5 rows in set (0.00 sec)
15)select o.onum from orders o join customers c join salespeople s where s.sname ='MOTIKA' and o.cnum=c.cnum and s.snum=c.snum   ;
+------+
| onum |
+------+
| 3002 |
+------+
1 row in set (0.00 sec)
16)
select o.odate,c.cnum,c.cname from orders o,customers c where odate ='1996-03-10' and o.cnum=c.cnum;
+------------+------+-----------+
| odate      | cnum | cname     |
+------------+------+-----------+
| 1996-03-10 | 2001 | Hoffman   |
| 1996-03-10 | 2003 |  Liu      |
| 1996-03-10 | 2007 | Pereira   |
| 1996-03-10 | 2008 | Cisneros  |
| 1996-03-10 | 2008 | Cisneros  |
+------------+------+-----------+
5 rows in set (0.00 sec)
17)
select sum(o.amt),o.odate from orders o group by o.odate having sum(o.amt) <(select max(amt)+2000 from orders);
+------------+------------+
| sum(o.amt) | odate      |
+------------+------------+
|       8944 | 1996-03-10 |
|       1789 | 1996-04-10 |
|       4723 | 1996-05-10 |
|      11202 | 1996-06-10 |
+------------+------------+
4 rows in set (0.00 sec)
18)select * from orders where amt >ANY (select amt from orders where odate ='1996-06-10');
+------+------+------------+------+
| onum | amt  | odate      | cnum |
+------+------+------------+------+
| 3002 | 1900 | 1996-03-10 | 2007 |
| 3005 | 5160 | 1996-03-10 | 2003 |
| 3008 | 4723 | 1996-05-10 | 2006 |
| 3009 | 1713 | 1996-04-10 | 2002 |
| 3011 | 9892 | 1996-06-10 | 2006 |
+------+------+------------+------+
19)select * from salespeople s where exists (select rating from customers where rating =300 and snum=s.snum);
+------+----------+------------+-------+
| snum | sname    | city       | comm  |
+------+----------+------------+-------+
| 1002 | serres   | SAN JOSE   | 0.13  |
| 1007 | RIFKIN   | BARCELONA  | 0.15  |
+------+----------+------------+-------+
2 rows in set (0.00 sec)
20) select CONCAT(a.cname,' ',b.cname,a.rating,' ',b.rating) from customers a,customers b where a.rating=b.rating and a.cnum != b.cnum;
+---------------------------------------------------+
| CONCAT(a.cname,' ',b.cname,a.rating,' ',b.rating) |
+---------------------------------------------------+
| Clemens   Hoffman  100 100                        |
| Pereira   Hoffman  100 100                        |
|  Liu  Giovanni 200 200                            |
| Giovanni   Liu 200 200                            |
| Cisneros Grass300 300                             |
| Hoffman   Clemens  100 100                        |
| Pereira   Clemens  100 100                        |
| Hoffman   Pereira  100 100                        |
| Clemens   Pereira  100 100                        |
| Grass Cisneros300 300                             |
+---------------------------------------------------+
10 rows in set (0.00 sec)

21)select * from customers where cnum >=(select snum+1000 from salespeople where sname ='serres');
+------+-----------+----------+--------+------+
| cnum | cname     | city     | rating | snum |
+------+-----------+----------+--------+------+
| 2002 | Giovanni  | Rome     |    200 | 1003 |
| 2003 |  Liu      | SAN JOSE |    200 | 1002 |
| 2004 | Grass     | Berlin   |    300 | 1002 |
| 2006 | Clemens   | LONDON   |    100 | 1001 |
| 2007 | Pereira   | Rome     |    100 | 1004 |
| 2008 | Cisneros  | SAN JOSE |    300 | 1007 |
+------+-----------+----------+--------+------+
6 rows in set (0.00 sec)

ans 22.SELECT CONCAT(comm*100, '%') as rate_percent from salespeople;
ans 23.Find the largest order taken by each salesperson on each date, eliminating those MAX orders
which are less than $3000.00 in value.
select max(o.amt),o.odate,c.snum from customers c,orders o where o.cnum=c.cnum group by c.snum,o.odate having  max(amt)<3000;
+------------+------------+------+
| max(o.amt) | odate      | snum |
+------------+------------+------+
|        767 | 1996-03-10 | 1001 |
|       1310 | 1996-06-10 | 1002 |
|       1713 | 1996-04-10 | 1003 |
|       1900 | 1996-03-10 | 1004 |
|       1098 | 1996-03-10 | 1007 |
+------------+------------+------+
List the largest orders for October 3, for each salesperson.
ans 24.select max(o.amt),o.odate,c.snum from customers c,orders o where o.cnum=c.cnum  and o.odate ='1996-03-10' group by c.snum;
25. Find all customers located in cities where Serres (SNUM 1002) has customers. 
ans 25. select * from customers  c where exists(select * from salespeople where snum =1002 and snum =c.snum);

ans 26.select cname from customer where rating >200;
ans 27.select count(c.snum) from customer c ,orders o where o.cnum=c.cnum;
+ans 28.select c.cname,CONCAT(s.comm*100,'%') as rate_of_comm from salespeople s,customer c where c.snum=s.snum and comm >0.12;
ans 19.SELECT * FROM salespeople s WHERE EXISTS (SELECT * from customer c where c.rating =300 and c.snum =s.snum);
29. Find salespeople who have multiple customers. 
select count(s.snum) as count,cnum from salespeople s,customers c where s.snum=c.snum group by s.snum having count>1 ;
+-------+------+
| count | cnum |
+-------+------+
|     2 | 2001 |
|     2 | 2003 |
+-------+------+
30. Find salespeople with customers located in their city. 
ans 30. select * from salespeople s where exists(select * from customers where city = s.city and snum = s.snum);
+------+----------+------------+-------+
| snum | sname    | city       | comm  |
+------+----------+------------+-------+
| 1001 | PEEL     | LONDON     | 0.12  |
| 1002 | serres   | SAN JOSE   | 0.13  |
+------+----------+------------+-------+
2 rows in set (0.00 sec)
ans 30.select s.sname,s.city,c.city from salespeople s,customers c where s.snum=c.snum and c.city=s.city ;
+----------+------------+----------+
| sname    | city       | city     |
+----------+------------+----------+
| PEEL     | LONDON     | LONDON   |
| PEEL     | LONDON     | LONDON   |
| serres   | SAN JOSE   | SAN JOSE |
+----------+------------+----------+
3 rows in set (0.00 sec)

ans 31.select sname from salespeople where sname like'p__l';
32)ans 32.Write a query that uses a subquery to obtain all orders for the customer named Cisneros. 
select * from orders o where exists (select * from customers where o.cnum=cnum and cname ='Cisneros');
+------+------+------------+------+
| onum | amt  | odate      | cnum |
+------+------+------------+------+
| 3001 |   19 | 1996-03-10 | 2008 |
| 3006 | 1098 | 1996-03-10 | 2008 |
+------+------+------------+------+
2 rows in set (0.00 sec)

ans 32.mysql> select * from orders where cnum =ALL(select cnum from customers where cname ='Cisneros');
+------+------+------------+------+
| onum | amt  | odate      | cnum |
+------+------+------------+------+
| 3001 |   19 | 1996-03-10 | 2008 |
| 3006 | 1098 | 1996-03-10 | 2008 |
+------+------+------------+------+
2 rows in set (0.00 sec)


33.Find the largest orders for Serres and Rifkin. 
ans 33.select max(o.amt),o.cnum from customers c,salespeople s,orders o where o.cnum=c.cnum and c.snum=s.snum and ( s.sname ='serres' or s.sname='RIFKIN') group by s.snum;
+------------+------+
| max(o.amt) | cnum |
+------------+------+
|       5160 | 2003 |
|       1098 | 2008 |
+------------+------+
2 rows in set (0.00 sec)

ans.34.select sname,snum,comm,city from salespeople;

37. Select all orders that are greater than the average for October 4.
ans 37.select * from orders where amt >(select AVG(amt) from orders where odate ='1996-04-10' group by odate );
+------+------+------------+------+
| onum | amt  | odate      | cnum |
+------+------+------------+------+
| 3002 | 1900 | 1996-03-10 | 2007 |
| 3005 | 5160 | 1996-03-10 | 2003 |
| 3006 | 1098 | 1996-03-10 | 2008 |
| 3008 | 4723 | 1996-05-10 | 2006 |
| 3009 | 1713 | 1996-04-10 | 2002 |
| 3010 | 1310 | 1996-06-10 | 2004 |
| 3011 | 9892 | 1996-06-10 | 2006 |
+------+------+------------+------+
7 rows in set (0.00 sec)
 
35. Select all customers whose names fall in between A and G alphabetical range. 
ans. 35select * from customer where cname between'a%' and 'g%';
ans.35select * from customers where cname REGEXP '^[A-G]';
+------+-----------+----------+--------+------+
| cnum | cname     | city     | rating | snum |
+------+-----------+----------+--------+------+
| 2002 | Giovanni  | Rome     |    200 | 1003 |
| 2004 | Grass     | Berlin   |    300 | 1002 |
| 2006 | Clemens   | LONDON   |    100 | 1001 |
| 2008 | Cisneros  | SAN JOSE |    300 | 1007 |
+------+-----------+----------+--------+------+

ans 39.select sum(amt) as sum,odate from orders group by sum DESC;
ANS40.select rating,cname,city from customer where city ='SAN JOSE';
ans 42.select * from orders where amt >(select CONCAT(sum(amt)/count(amt)) from orders);
ans43.select max(rating),city from customer group by city;
+-------------+----------+
ans44.select o.onum,s.snum,c.cnum,sum(s.comm) from salespeople s,orders o,customer c where o.cnum=c.cnum and c.snum=s.snum  and rating >100 group by c.snum;
+------+------+------+-------------+
| onum | snum | cnum | sum(s.comm) |
+------+------+------+-------------+
| 3005 | 1002 | 2003 |        0.26 |
| 3007 | 1003 | 2002 |        0.20 |
| 3001 | 1007 | 2008 |        0.30 |
+------+------+------+-------------+
ans 45.select count(cname) from customer where rating >(select avg(rating) from customer where city ='SAN JOSE');
+--------------+
| count(cname) |
+--------------+
|            2 |
+--------------+


ans47. select * from salespeople where city='Barcelona' or city='LONDON';
+------+--------+-----------+------+
| snum | sname  | city      | comm |
+------+--------+-----------+------+
| 1001 | PEEL   | LONDON    | 0.12 |
| 1004 | MOTIKA | LONDON    | 0.13 |
| 1005 | FRAN   | LONDON    | 0.26 |
| 1007 | RIFKIN | BARCELONA | 0.15 |
+------+--------+-----------+------+

ans48. select c.snum,count(c.snum),s.sname from customer c,salespeople s where c.snum=s.snum group by snum ;

ans50.select * from orders where amt> 1000;

ans54.select * from orders where odate ='1996-03-10' or odate='1996-04-10';
ans 51.select o.onum,c.cname,c.cnum from customer c,orders o where o.cnum=c.cnum;

ans55.mysql> select o.onum,c.cnum,c.cname from orders o,customer c where c.cnum=o.cnum group by c.cnum ;
+------+------+-----------+
| onum | cnum | cname     |
+------+------+-----------+
| 3003 | 2001 | Hoffman   |
| 3007 | 2002 | Giovanni  |
| 3005 | 2003 |  Liu      |
| 3010 | 2004 | Grass     |
| 3008 | 2006 | Clemens   |
| 3002 | 2007 | Pereira   |
| 3001 | 2008 |  Cisneros |
+------+------+-----------+
ans58.select * from customer where snum='1001';
+------+---------+--------+--------+------+
| cnum | cname   | city   | rating | snum |
+------+---------+--------+--------+------+
| 2001 | Hoffman | LONDON |    100 | 1001 |
| 2006 | Clemens | LONDON |    100 | 1001 |
+------+---------+--------+--------+------+
ans.60 update orders set amt =0;
ans 62.select sname,comm from salespeople;
+---------+------+
| sname   | comm |
+---------+------+
| PEEL    | 0.12 |
| serres  | 0.13 |
| Axelrod | 0.10 |
| MOTIKA  | 0.13 |
| FRAN    | 0.26 |
| RIFKIN  | 0.15 |
+---------+------+

ans 64.select s.sname,c.cname from customer c,salespeople s where s.snum=c.snum order by s.sname;
+---------+-----------+
| sname   | cname     |
+---------+-----------+
| Axelrod | Giovanni  |
| MOTIKA  | Pereira   |
| PEEL    | Hoffman   |
| PEEL    | Clemens   |
| RIFKIN  |  Cisneros |
| serres  |  Liu      |
| serres  | Grass     |

ans.66select sum(amt) from orders;
+----------+
| sum(amt) |
+----------+
| 26658.40 |
+----------+
ans 67.select onum,amt,odate from orders;

ans 68.select rating,count(rating) from customer group by rating;
+--------+---------------+
| rating | count(rating) |
+--------+---------------+
|    100 |             3 |
|    200 |             2 |
|    300 |             2 |
+--------+---------------+
ans 69.select s.sname,c.cname,o.onum from salespeople s,orders o,customer c where o.cnum=c.cnum and s.snum=c.snum group by o.onum;
+---------+-----------+------+
| sname   | cname     | onum |
+---------+-----------+------+
| RIFKIN  |  Cisneros | 3001 |
| MOTIKA  | Pereira   | 3002 |
| PEEL    | Hoffman   | 3003 |
| serres  |  Liu      | 3005 |
| RIFKIN  |  Cisneros | 3006 |
| Axelrod | Giovanni  | 3007 |
| PEEL    | Clemens   | 3008 |
| Axelrod | Giovanni  | 3009 |
| serres  | Grass     | 3010 |
| PEEL    | Clemens   | 3011 |
+---------+-----------+------+



ans.70select s.comm,s.sname,c.cname,c.city from salespeople s,customer c where c.city='LONDON' and s.snum=c.snum;
+------+-------+---------+--------+
| comm | sname | cname   | city   |
+------+-------+---------+--------+
| 0.12 | PEEL  | Hoffman | LONDON |
| 0.12 | PEEL  | Clemens | LONDON |
+------+-------+---------+--------+

71. Write a query using ANY or ALL that will find all salespeople who have no customers located in their city.

select * from salespeople s where city !=Any (select city from customer c where s.snum=c.snum )
---------------------------------------------------------------------------------------------------------------------------------
 
73. Write a query that selects all customers serviced by Peel or Motika. (Hint : The SNUM field
relates the two tables to one another.)
 
select c.cname, s.sname from salespeople s, customer c where s.snum=c.snum and s.sname in ('Peel','Motika')
                                                            OR
select cnum,cname from customer where snum=any(select snum from salespeople where sname="peel" or sname="motika");
 
---------------------------------------------------------------------------------------------------------------------------------

74. Count the number of salespeople registering orders for each day. (If a salesperson has more
than one order on a given day, he or she should be counted only once.)
 
select o.odate, count(distinct(s.snum)) from salespeople s, customer c, orders o where s.snum=c.snum and c.cnum= o.cnum group by o.odate
 
---------------------------------------------------------------------------------------------------------------------------------

75. Find all orders attributed to salespeople in London.

select s.sname, s.city, o.onum,o.odate, o.amt, c.cname from salespeople s, customer c, orders o where s.snum=c.snum and c.cnum= o.cnum and s.city='London'
 
---------------------------------------------------------------------------------------------------------------------------------

76. Find all orders by customers not located in the same cities as their salespeople.
select c.cname, c.cnum, c.city as Customer_City, s.snum, s.city as Salesperson_City,  o.onum, o.odate, o.amt from salespeople s, customer c, orders o where s.snum=c.snum and c.cnum= o.cnum and s.city!=c.city
 
---------------------------------------------------------------------------------------------------------------------------------

77. Find all salespeople who have customers with more than one current order.

select s.snum, s.sname, count(c.cnum) as Customer_Count from salespeople s, customer c, orders o where s.snum=c.snum and c.cnum= o.cnum group by s.snum having Customer_Count > 1

---------------------------------------------------------------------------------------------------------------------------------

78. Write a query that extracts from the Customers table every customer assigned to a
salesperson who currently has at least one other customer (besides the customer being
selected) with orders in the Orders table.
 
select s.snum, s.sname, count(c.cnum) as Customer_Count from salespeople s, customer c, orders o where s.snum=c.snum and c.cnum= o.cnum group by s.snum having Customer_Count > 1
 
---------------------------------------------------------------------------------------------------------------------------------

79. Write a query that selects all customers whose names begin with ‘C’.

select * from customer where cname like 'C%'
 
---------------------------------------------------------------------------------------------------------------------------------

80. Write a query on the Customers table that will find the highest rating in each city. Put the output
in this form : for the city (city) the highest rating is : (rating).

select c.city, max(c.rating) from customer c group by c.city

---------------------------------------------------------------------------------------------------------------------------------

81. Write a query that will produce the SNUM values of all salespeople with orders currently in the
Orders table (without any repeats).

select distinct(s.snum) from salespeople s, customer c, orders o where s.snum=c.snum and c.cnum=o.cnum
---------------------------------------------------------------------------------------------------------------------------------

82. Write a query that lists customers in descending order of rating. Output the rating field first,
followed by the customer’s names and numbers.

select c.rating, c.cname, c.cnum from customer c order by c.rating desc
 
---------------------------------------------------------------------------------------------------------------------------------

83. Find the average commission for salespeople in London.

select avg(comm) from salespeople where city='London'
 
---------------------------------------------------------------------------------------------------------------------------------


85. Find all salespeople whose commission is in between 0.10 and 0.12 (both inclusive).
select * from salespeople where comm between 0.10 and 0.12
 
---------------------------------------------------------------------------------------------------------------------------------

86. Write a query that will give you the names and cities of all salespeople in London with a
commission above 0.10.
select * from salespeople where comm > .10  and city='London'

---------------------------------------------------------------------------------------------------------------------------------


88. Write a query that selects each customer’s smallest order.

select o.*, min(amt) from orders o group by cnum
---------------------------------------------------------------------------------------------------------------------------------

89. Write a query that selects the first customer in alphabetical order whose name begins with G.
Select min(cname) from customer where cname like 'G%';
---------------------------------------------------------------------------------------------------------------------------------
 
90. Write a query that counts the number of different nonNULL city values in the Customers table.

Select count(distinct(city)) from  customer where city is not null.
---------------------------------------------------------------------------------------------------------------------------------

91. Find the average amount from the Orders table.

Select avg(amt) from orders
---------------------------------------------------------------------------------------------------------------------------------
 
92. What would be the output from the following query?
SELECT * FROM ORDERS
WHERE NOT (odate = 10/03/96 OR snum > 1006) AND amt >=
1500);

Note :- Above query will not run as SNUM doesn’t exist in ORDERS table
---------------------------------------------------------------------------------------------------------------------------------
 
93. Find all customers who are not located in San Jose and whose rating is above 200.

Select * from customer where city!='San Jose' and rating > 200
---------------------------------------------------------------------------------------------------------------------------------
 

96. Which salespersons attend to customers not in the city they have been assigned to?
 
select s.sname, s.city as Salesperson_City, c.cname, c.city as Customer_city  from salespeople s, customer c where s.snum=c.snum and s.city!=c.city
---------------------------------------------------------------------------------------------------------------------------------
 
97. Which salespeople get commission greater than 0.11 are serving customers rated less than
250?
select s.sname,s.comm,c.cname, c.rating  from salespeople s, customer c where s.snum=c.snum and s.comm > 0.11 and c.rating > 250

---------------------------------------------------------------------------------------------------------------------------------
 
98. Which salespeople have been assigned to the same city but get different commission
percentages?
 
select s1.sname,s1.city, s1.comm, s2.sname, s2.city, s2.comm from salespeople s1, salespeople s2 where s1.city=s2.city and s1.snum!=s2.snum and s1.comm!=s2.comm

---------------------------------------------------------------------------------------------------------------------------------

 
100.Does the customer who has placed the maximum number of orders have the maximum rating?
---------------------------------------------------------------------------------------------------------------------------------
 
 
101.Has the customer who has spent the largest amount of money been given the highest rating?
---------------------------------------------------------------------------------------------------------------------------------
 
 
102.List all customers in descending order of customer rating.
 
select * from customer order by rating desc

---------------------------------------------------------------------------------------------------------------------------------
 
103.On which days has Hoffman placed orders?
 
select c.cname, o.odate from customer c, orders o where c.cnum=o.cnum and  c.cname='Hoffman'
---------------------------------------------------------------------------------------------------------------------------------
 
104.Do all salespeople have different commissions?
 
select a.sname,a.comm, b.sname, b.comm from salespeople a, salespeople b where a.comm=b.comm and a.snum!=b.snum
 
If Rowcount is ZERO means all salespeoples have different commission.
---------------------------------------------------------------------------------------------------------------------------------
 
105.Which salespeople have no orders between 10/03/1996 and 10/05/1996?
 
select s.sname,o.onum, o.odate from salespeople s, customer c, orders o where s.snum=c.snum and  c.cnum=o.cnum and  o.odate not between '1996-03-10' and '1996-05-10'  ----------------
---------------------------------------------------------------------------------------------------------------------------------
 
106.How many salespersons have succeeded in getting orders?
 
select count(distinct(s.snum)) from salespeople s, customer c, orders o where s.snum=c.snum and  c.cnum=o.cnum 

---------------------------------------------------------------------------------------------------------------------------------
 
107.How many customers have placed orders?
 
select count(distinct(c.cnum)) from customer c, orders o where c.cnum=o.cnum 

---------------------------------------------------------------------------------------------------------------------------------
 
108.On which date has each salesperson booked an order of maximum value?
 
select s.sname, max(o.amt), o.odate from salespeople s, customer c, orders o where s.snum=c.snum and  c.cnum=o.cnum group by s.snum
---------------------------------------------------------------------------------------------------------------------------------

109.Who is the most successful salesperson?
 
select s.sname, (s.comm * sum(o.amt)) as Income from salespeople s, customer c, orders o where s.snum=c.snum and c.cnum=o.cnum group by  s.snum order by Income desc
---------------------------------------------------------------------------------------------------------------------------------
 
110.Who is the worst customer with respect to the company?
 
select c.cname, o.cnum, sum(o.amt) as Total_Amount from customer c, orders o where c.cnum=o.cnum group by o.cnum order by Total_Amount limit 1
---------------------------------------------------------------------------------------------------------------------------------

111.Are all customers not having placed orders greater than 200 totally been serviced by
salespersons Peel or Serres?

---------------------------------------------------------------------------------------------------------------------------------
 
112.Which customers have the same rating?
 
select c1.cname, c1.rating, c2.cname from customer c1, customer c2 where c1.rating = c2.rating and c1.cname!=c2.cname
---------------------------------------------------------------------------------------------------------------------------------

 
113.Find all orders greater than the average for October 4th.
 
select * from orders where amt > (select avg(amt) from orders where odate='1996-04-10')
---------------------------------------------------------------------------------------------------------------------------------
 
 
114.Which customers have above average orders?

select * from orders where amt > (select avg(amt) from orders)
---------------------------------------------------------------------------------------------------------------------------------
 
 
115.List all customers with ratings above San Jose’s average.

select * from customer where rating > ( select avg(rating) from customer where city='San Jose')
---------------------------------------------------------------------------------------------------------------------------------
 
116.Select the total amount in orders for each salesperson for whom the total is greater than the
amount of the largest order in the table.

select s.sname, sum(o.amt) as Total from salespeople s, customer c, orders o where s.snum=c.snum and c.cnum=o.cnum  group by s.sname having  Total > (select max(amt) from orders)
---------------------------------------------------------------------------------------------------------------------------------
 
117.Give names and numbers of all salespersons who have more than one customer.

select s.sname,s.snum,  count(c.cname) as Customer_count from salespeople s, customer c where s.snum=c.snum  group by s.sname having Customer_count > 1
---------------------------------------------------------------------------------------------------------------------------------
 
118.Select all salespersons by name and number who have customers in their city whom they
don’t service.

 select s.snum, s.sname from salespeople s, customer c where s.city=c.city and s.snum!=c.snum
---------------------------------------------------------------------------------------------------------------------------------
 
119.Which customers’ rating should be lowered?

select c.cnum, c.cname, sum(o.amt) as Total from customer c, orders o where c.cnum=o.cnum group by c.cnum order by Total limit 1
---------------------------------------------------------------------------------------------------------------------------------
 
120.Is there a case for assigning a salesperson to Berlin?

select s.snum, s.sname, c.cname from salespeople s, customer c where s.snum=c.snum and c.city='Berlin'

---------------------------------------------------------------------------------------------------------------------------------
 
121.Is there any evidence linking the performance of a salesperson to the commission that he or
she is being paid?
 
No such evidence.
---------------------------------------------------------------------------------------------------------------------------------

122.Does the total amount in orders by customer in Rome and London exceed the commission
paid to salespersons in London and New York by more than 5 times?

select sum(amt) from orders a,customer b where a.cnum=b.cnum and (b.city="london" or "rome");

select (sum(a.amt)*(c.com))*5 as comm_paid from orders a,customer b,salespeople c where a.cnum=b.cnum and b.snum=c.snum and (c.city="london" or c.city="new york");
 
---------------------------------------------------------------------------------------------------------------------------------

123.Which is the date, order number, amt and city for each salesperson (by name) for the
maximum order he has obtained?






